tanggal,kecamatan,volume_ton,jenis_sampah,sumber_sampah
2024-01-02,KEPULAUAN SERIBU UTARA,57.0,Organik,Rumah Tangga
2024-01-02,KEPULAUAN SERIBU SELATAN,43.6,Organik,Rumah Tangga
2024-01-02,GAMBIR,64.4,Organik,Rumah Tangga
2024-01-02,TANAH ABANG,45.2,Organik,Rumah Tangga
2024-01-02,MENTENG,47.9,Organik,Rumah Tangga
2024-01-02,CEMPAKA PUTIH,68.9,Organik,Rumah Tangga
2024-01-02,JOHAR BARU,64.2,Organik,Rumah Tangga
2024-01-02,SAWAH BESAR,23.2,Organik,Rumah Tangga
2024-01-02,KEMAYORAN,58.3,Organik,Rumah Tangga
2024-01-02,MATRAMAN,45.9,Organik,Rumah Tangga
2024-01-02,PULOGADUNG,49.2,Organik,Rumah Tangga
2024-01-02,JATINEGARA,62.8,Organik,Rumah Tangga
2024-01-02,CAKUNG,48.4,Organik,Rumah Tangga
2024-01-02,CIRACAS,38.3,Organik,Rumah Tangga
2024-01-02,CIPAYUNG,43.7,Organik,Rumah Tangga
2024-01-02,MAKASAR,63.5,Organik,Rumah Tangga
2024-01-02,KRAMAT JATI,43.0,Organik,Rumah Tangga
2024-01-02,PASAR REBO,68.4,Organik,Rumah Tangga
2024-01-02,DUREN SAWIT,48.3,Organik,Rumah Tangga
2024-01-02,TEBET,32.3,Organik,Rumah Tangga
2024-01-02,SETIABUDI,52.2,Organik,Rumah Tangga
2024-01-02,MAMPANG PRAPATAN,58.4,Organik,Rumah Tangga
2024-01-02,PANCORAN,32.5,Organik,Rumah Tangga
2024-01-02,KEBAYORAN BARU,24.8,Organik,Rumah Tangga
2024-01-02,KEBAYORAN LAMA,33.4,Organik,Rumah Tangga
2024-01-02,CILANDAK,45.5,Organik,Rumah Tangga
2024-01-02,PESANGGRAHAN,61.1,Organik,Rumah Tangga
2024-01-02,PASAR MINGGU,56.9,Organik,Rumah Tangga
2024-01-02,KEBON JERUK,28.1,Organik,Rumah Tangga
2024-01-02,KEMBANGAN,32.0,Organik,Rumah Tangga
2024-01-02,PALMERAH,36.9,Organik,Rumah Tangga
2024-01-02,GROGOL PETAMBURAN,27.5,Organik,Rumah Tangga
2024-01-02,TAMBORA,49.6,Organik,Rumah Tangga
2024-01-02,TAMAN SARI,26.2,Organik,Rumah Tangga
2024-01-02,CENGKARENG,20.5,Organik,Rumah Tangga
2024-01-02,KALI DERES,20.6,Organik,Rumah Tangga
2024-01-02,PENJARINGAN,62.2,Organik,Rumah Tangga
2024-01-02,PADEMANGAN,34.1,Organik,Rumah Tangga
2024-01-02,TANJUNG PRIOK,47.2,Organik,Rumah Tangga
2024-01-02,KOJA,59.3,Organik,Rumah Tangga
2024-01-02,KELAPA GADING,48.6,Organik,Rumah Tangga
2024-01-02,CILINCING,44.6,Organik,Rumah Tangga
2024-01-03,KEPULAUAN SERIBU UTARA,66.8,Organik,Rumah Tangga
2024-01-03,KEPULAUAN SERIBU SELATAN,48.5,Organik,Rumah Tangga
2024-01-03,GAMBIR,66.2,Organik,Rumah Tangga
2024-01-03,TANAH ABANG,43.9,Organik,Rumah Tangga
2024-01-03,MENTENG,62.2,Organik,Rumah Tangga
2024-01-03,CEMPAKA PUTIH,53.6,Organik,Rumah Tangga
2024-01-03,JOHAR BARU,35.9,Organik,Rumah Tangga
2024-01-03,SAWAH BESAR,45.2,Organik,Rumah Tangga
2024-01-03,KEMAYORAN,66.2,Organik,Rumah Tangga
2024-01-03,MATRAMAN,57.4,Organik,Rumah Tangga
2024-01-03,PULOGADUNG,43.9,Organik,Rumah Tangga
2024-01-03,JATINEGARA,30.5,Organik,Rumah Tangga
2024-01-03,CAKUNG,44.7,Organik,Rumah Tangga
2024-01-03,CIRACAS,40.6,Organik,Rumah Tangga
2024-01-03,CIPAYUNG,57.4,Organik,Rumah Tangga
2024-01-03,MAKASAR,58.8,Organik,Rumah Tangga
2024-01-03,KRAMAT JATI,35.4,Organik,Rumah Tangga
2024-01-03,PASAR REBO,32.5,Organik,Rumah Tangga
2024-01-03,DUREN SAWIT,27.2,Organik,Rumah Tangga
2024-01-03,TEBET,48.1,Organik,Rumah Tangga
2024-01-03,SETIABUDI,28.0,Organik,Rumah Tangga
2024-01-03,MAMPANG PRAPATAN,58.8,Organik,Rumah Tangga
2024-01-03,PANCORAN,62.6,Organik,Rumah Tangga
2024-01-03,KEBAYORAN BARU,47.3,Organik,Rumah Tangga
2024-01-03,KEBAYORAN LAMA,22.5,Organik,Rumah Tangga
2024-01-03,CILANDAK,63.0,Organik,Rumah Tangga
2024-01-03,PESANGGRAHAN,31.9,Organik,Rumah Tangga
2024-01-03,PASAR MINGGU,63.6,Organik,Rumah Tangga
2024-01-03,KEBON JERUK,53.0,Organik,Rumah Tangga
2024-01-03,KEMBANGAN,66.9,Organik,Rumah Tangga
2024-01-03,PALMERAH,60.0,Organik,Rumah Tangga
2024-01-03,GROGOL PETAMBURAN,69.0,Organik,Rumah Tangga
2024-01-03,TAMBORA,59.6,Organik,Rumah Tangga
2024-01-03,TAMAN SARI,28.0,Organik,Rumah Tangga
2024-01-03,CENGKARENG,33.9,Organik,Rumah Tangga
2024-01-03,KALI DERES,20.8,Organik,Rumah Tangga
2024-01-03,PENJARINGAN,21.2,Organik,Rumah Tangga
2024-01-03,PADEMANGAN,29.8,Organik,Rumah Tangga
2024-01-03,TANJUNG PRIOK,46.8,Organik,Rumah Tangga
2024-01-03,KOJA,42.9,Organik,Rumah Tangga
2024-01-03,KELAPA GADING,60.1,Organik,Rumah Tangga
2024-01-03,CILINCING,68.4,Organik,Rumah Tangga
2024-01-04,KEPULAUAN SERIBU UTARA,30.8,Organik,Rumah Tangga
2024-01-04,KEPULAUAN SERIBU SELATAN,63.7,Organik,Rumah Tangga
2024-01-04,GAMBIR,25.9,Organik,Rumah Tangga
2024-01-04,TANAH ABANG,26.8,Organik,Rumah Tangga
2024-01-04,MENTENG,23.5,Organik,Rumah Tangga
2024-01-04,CEMPAKA PUTIH,67.9,Organik,Rumah Tangga
2024-01-04,JOHAR BARU,25.9,Organik,Rumah Tangga
2024-01-04,SAWAH BESAR,40.9,Organik,Rumah Tangga
2024-01-04,KEMAYORAN,30.9,Organik,Rumah Tangga
2024-01-04,MATRAMAN,41.7,Organik,Rumah Tangga
2024-01-04,PULOGADUNG,59.0,Organik,Rumah Tangga
2024-01-04,JATINEGARA,42.9,Organik,Rumah Tangga
2024-01-04,CAKUNG,57.5,Organik,Rumah Tangga
2024-01-04,CIRACAS,34.1,Organik,Rumah Tangga
2024-01-04,CIPAYUNG,36.9,Organik,Rumah Tangga
2024-01-04,MAKASAR,66.2,Organik,Rumah Tangga
2024-01-04,KRAMAT JATI,66.0,Organik,Rumah Tangga
2024-01-04,PASAR REBO,51.4,Organik,Rumah Tangga
2024-01-04,DUREN SAWIT,40.0,Organik,Rumah Tangga
2024-01-04,TEBET,47.8,Organik,Rumah Tangga
2024-01-04,SETIABUDI,51.1,Organik,Rumah Tangga
2024-01-04,MAMPANG PRAPATAN,61.9,Organik,Rumah Tangga
2024-01-04,PANCORAN,65.9,Organik,Rumah Tangga
2024-01-04,KEBAYORAN BARU,55.7,Organik,Rumah Tangga
2024-01-04,KEBAYORAN LAMA,28.4,Organik,Rumah Tangga
2024-01-04,CILANDAK,30.1,Organik,Rumah Tangga
2024-01-04,PESANGGRAHAN,28.2,Organik,Rumah Tangga
2024-01-04,PASAR MINGGU,32.6,Organik,Rumah Tangga
2024-01-04,KEBON JERUK,48.7,Organik,Rumah Tangga
2024-01-04,KEMBANGAN,28.0,Organik,Rumah Tangga
2024-01-04,PALMERAH,57.3,Organik,Rumah Tangga
2024-01-04,GROGOL PETAMBURAN,29.4,Organik,Rumah Tangga
2024-01-04,TAMBORA,47.5,Organik,Rumah Tangga
2024-01-04,TAMAN SARI,63.2,Organik,Rumah Tangga
2024-01-04,CENGKARENG,63.7,Organik,Rumah Tangga
2024-01-04,KALI DERES,48.4,Organik,Rumah Tangga
2024-01-04,PENJARINGAN,37.4,Organik,Rumah Tangga
2024-01-04,PADEMANGAN,64.4,Organik,Rumah Tangga
2024-01-04,TANJUNG PRIOK,52.3,Organik,Rumah Tangga
2024-01-04,KOJA,44.2,Organik,Rumah Tangga
2024-01-04,KELAPA GADING,68.6,Organik,Rumah Tangga
2024-01-04,CILINCING,22.4,Organik,Rumah Tangga
2024-01-05,KEPULAUAN SERIBU UTARA,27.9,Organik,Rumah Tangga
2024-01-05,KEPULAUAN SERIBU SELATAN,68.4,Organik,Rumah Tangga
2024-01-05,GAMBIR,26.1,Organik,Rumah Tangga
2024-01-05,TANAH ABANG,51.7,Organik,Rumah Tangga
2024-01-05,MENTENG,23.7,Organik,Rumah Tangga
2024-01-05,CEMPAKA PUTIH,27.1,Organik,Rumah Tangga
2024-01-05,JOHAR BARU,42.6,Organik,Rumah Tangga
2024-01-05,SAWAH BESAR,37.9,Organik,Rumah Tangga
2024-01-05,KEMAYORAN,25.5,Organik,Rumah Tangga
2024-01-05,MATRAMAN,36.8,Organik,Rumah Tangga
2024-01-05,PULOGADUNG,59.1,Organik,Rumah Tangga
2024-01-05,JATINEGARA,58.0,Organik,Rumah Tangga
2024-01-05,CAKUNG,50.2,Organik,Rumah Tangga
2024-01-05,CIRACAS,47.6,Organik,Rumah Tangga
2024-01-05,CIPAYUNG,44.3,Organik,Rumah Tangga
2024-01-05,MAKASAR,57.1,Organik,Rumah Tangga
2024-01-05,KRAMAT JATI,60.4,Organik,Rumah Tangga
2024-01-05,PASAR REBO,40.0,Organik,Rumah Tangga
2024-01-05,DUREN SAWIT,67.0,Organik,Rumah Tangga
2024-01-05,TEBET,41.7,Organik,Rumah Tangga
2024-01-05,SETIABUDI,44.8,Organik,Rumah Tangga
2024-01-05,MAMPANG PRAPATAN,50.1,Organik,Rumah Tangga
2024-01-05,PANCORAN,51.1,Organik,Rumah Tangga
2024-01-05,KEBAYORAN BARU,36.9,Organik,Rumah Tangga
2024-01-05,KEBAYORAN LAMA,29.4,Organik,Rumah Tangga
2024-01-05,CILANDAK,25.5,Organik,Rumah Tangga
2024-01-05,PESANGGRAHAN,25.8,Organik,Rumah Tangga
2024-01-05,PASAR MINGGU,29.2,Organik,Rumah Tangga
2024-01-05,KEBON JERUK,48.1,Organik,Rumah Tangga
2024-01-05,KEMBANGAN,25.9,Organik,Rumah Tangga
2024-01-05,PALMERAH,25.7,Organik,Rumah Tangga
2024-01-05,GROGOL PETAMBURAN,27.9,Organik,Rumah Tangga
2024-01-05,TAMBORA,39.1,Organik,Rumah Tangga
2024-01-05,TAMAN SARI,55.5,Organik,Rumah Tangga
2024-01-05,CENGKARENG,45.0,Organik,Rumah Tangga
2024-01-05,KALI DERES,68.9,Organik,Rumah Tangga
2024-01-05,PENJARINGAN,52.7,Organik,Rumah Tangga
2024-01-05,PADEMANGAN,54.7,Organik,Rumah Tangga
2024-01-05,TANJUNG PRIOK,31.7,Organik,Rumah Tangga
2024-01-05,KOJA,54.1,Organik,Rumah Tangga
2024-01-05,KELAPA GADING,40.3,Organik,Rumah Tangga
2024-01-05,CILINCING,40.2,Organik,Rumah Tangga
2024-01-06,KEPULAUAN SERIBU UTARA,36.1,Organik,Rumah Tangga
2024-01-06,KEPULAUAN SERIBU SELATAN,61.6,Organik,Rumah Tangga
2024-01-06,GAMBIR,28.3,Organik,Rumah Tangga
2024-01-06,TANAH ABANG,36.8,Organik,Rumah Tangga
2024-01-06,MENTENG,54.6,Organik,Rumah Tangga
2024-01-06,CEMPAKA PUTIH,47.5,Organik,Rumah Tangga
2024-01-06,JOHAR BARU,33.2,Organik,Rumah Tangga
2024-01-06,SAWAH BESAR,39.1,Organik,Rumah Tangga
2024-01-06,KEMAYORAN,22.4,Organik,Rumah Tangga
2024-01-06,MATRAMAN,55.4,Organik,Rumah Tangga
2024-01-06,PULOGADUNG,65.7,Organik,Rumah Tangga
2024-01-06,JATINEGARA,40.5,Organik,Rumah Tangga
2024-01-06,CAKUNG,62.1,Organik,Rumah Tangga
2024-01-06,CIRACAS,64.6,Organik,Rumah Tangga
2024-01-06,CIPAYUNG,41.6,Organik,Rumah Tangga
2024-01-06,MAKASAR,26.3,Organik,Rumah Tangga
2024-01-06,KRAMAT JATI,44.4,Organik,Rumah Tangga
2024-01-06,PASAR REBO,53.3,Organik,Rumah Tangga
2024-01-06,DUREN SAWIT,36.5,Organik,Rumah Tangga
2024-01-06,TEBET,49.4,Organik,Rumah Tangga
2024-01-06,SETIABUDI,28.7,Organik,Rumah Tangga
2024-01-06,MAMPANG PRAPATAN,59.7,Organik,Rumah Tangga
2024-01-06,PANCORAN,54.0,Organik,Rumah Tangga
2024-01-06,KEBAYORAN BARU,54.5,Organik,Rumah Tangga
2024-01-06,KEBAYORAN LAMA,35.5,Organik,Rumah Tangga
2024-01-06,CILANDAK,51.4,Organik,Rumah Tangga
2024-01-06,PESANGGRAHAN,23.3,Organik,Rumah Tangga
2024-01-06,PASAR MINGGU,45.3,Organik,Rumah Tangga
2024-01-06,KEBON JERUK,49.1,Organik,Rumah Tangga
2024-01-06,KEMBANGAN,23.9,Organik,Rumah Tangga
2024-01-06,PALMERAH,36.3,Organik,Rumah Tangga
2024-01-06,GROGOL PETAMBURAN,49.6,Organik,Rumah Tangga
2024-01-06,TAMBORA,31.8,Organik,Rumah Tangga
2024-01-06,TAMAN SARI,31.4,Organik,Rumah Tangga
2024-01-06,CENGKARENG,66.3,Organik,Rumah Tangga
2024-01-06,KALI DERES,55.3,Organik,Rumah Tangga
2024-01-06,PENJARINGAN,37.3,Organik,Rumah Tangga
2024-01-06,PADEMANGAN,40.2,Organik,Rumah Tangga
2024-01-06,TANJUNG PRIOK,60.7,Organik,Rumah Tangga
2024-01-06,KOJA,54.3,Organik,Rumah Tangga
2024-01-06,KELAPA GADING,44.8,Organik,Rumah Tangga
2024-01-06,CILINCING,56.2,Organik,Rumah Tangga
2024-01-07,KEPULAUAN SERIBU UTARA,40.8,Organik,Rumah Tangga
2024-01-07,KEPULAUAN SERIBU SELATAN,52.4,Organik,Rumah Tangga
2024-01-07,GAMBIR,66.8,Organik,Rumah Tangga
2024-01-07,TANAH ABANG,21.9,Organik,Rumah Tangga
2024-01-07,MENTENG,50.9,Organik,Rumah Tangga
2024-01-07,CEMPAKA PUTIH,65.7,Organik,Rumah Tangga
2024-01-07,JOHAR BARU,32.4,Organik,Rumah Tangga
2024-01-07,SAWAH BESAR,65.9,Organik,Rumah Tangga
2024-01-07,KEMAYORAN,50.1,Organik,Rumah Tangga
2024-01-07,MATRAMAN,62.5,Organik,Rumah Tangga
2024-01-07,PULOGADUNG,67.3,Organik,Rumah Tangga
2024-01-07,JATINEGARA,35.8,Organik,Rumah Tangga
2024-01-07,CAKUNG,41.3,Organik,Rumah Tangga
2024-01-07,CIRACAS,66.1,Organik,Rumah Tangga
2024-01-07,CIPAYUNG,22.7,Organik,Rumah Tangga
2024-01-07,MAKASAR,58.1,Organik,Rumah Tangga
2024-01-07,KRAMAT JATI,21.9,Organik,Rumah Tangga
2024-01-07,PASAR REBO,64.5,Organik,Rumah Tangga
2024-01-07,DUREN SAWIT,60.3,Organik,Rumah Tangga
2024-01-07,TEBET,31.4,Organik,Rumah Tangga
2024-01-07,SETIABUDI,39.6,Organik,Rumah Tangga
2024-01-07,MAMPANG PRAPATAN,53.3,Organik,Rumah Tangga
2024-01-07,PANCORAN,67.2,Organik,Rumah Tangga
2024-01-07,KEBAYORAN BARU,49.2,Organik,Rumah Tangga
2024-01-07,KEBAYORAN LAMA,65.0,Organik,Rumah Tangga
2024-01-07,CILANDAK,26.9,Organik,Rumah Tangga
2024-01-07,PESANGGRAHAN,29.5,Organik,Rumah Tangga
2024-01-07,PASAR MINGGU,22.4,Organik,Rumah Tangga
2024-01-07,KEBON JERUK,35.9,Organik,Rumah Tangga
2024-01-07,KEMBANGAN,64.2,Organik,Rumah Tangga
2024-01-07,PALMERAH,50.9,Organik,Rumah Tangga
2024-01-07,GROGOL PETAMBURAN,40.6,Organik,Rumah Tangga
2024-01-07,TAMBORA,69.4,Organik,Rumah Tangga
2024-01-07,TAMAN SARI,24.8,Organik,Rumah Tangga
2024-01-07,CENGKARENG,61.1,Organik,Rumah Tangga
2024-01-07,KALI DERES,65.9,Organik,Rumah Tangga
2024-01-07,PENJARINGAN,66.2,Organik,Rumah Tangga
2024-01-07,PADEMANGAN,42.7,Organik,Rumah Tangga
2024-01-07,TANJUNG PRIOK,50.3,Organik,Rumah Tangga
2024-01-07,KOJA,58.8,Organik,Rumah Tangga
2024-01-07,KELAPA GADING,22.0,Organik,Rumah Tangga
2024-01-07,CILINCING,21.8,Organik,Rumah Tangga
2024-01-08,KEPULAUAN SERIBU UTARA,67.6,Organik,Rumah Tangga
2024-01-08,KEPULAUAN SERIBU SELATAN,20.5,Organik,Rumah Tangga
2024-01-08,GAMBIR,61.8,Organik,Rumah Tangga
2024-01-08,TANAH ABANG,44.3,Organik,Rumah Tangga
2024-01-08,MENTENG,66.7,Organik,Rumah Tangga
2024-01-08,CEMPAKA PUTIH,36.5,Organik,Rumah Tangga
2024-01-08,JOHAR BARU,21.8,Organik,Rumah Tangga
2024-01-08,SAWAH BESAR,40.6,Organik,Rumah Tangga
2024-01-08,KEMAYORAN,44.9,Organik,Rumah Tangga
2024-01-08,MATRAMAN,43.5,Organik,Rumah Tangga
2024-01-08,PULOGADUNG,46.7,Organik,Rumah Tangga
2024-01-08,JATINEGARA,34.4,Organik,Rumah Tangga
2024-01-08,CAKUNG,50.0,Organik,Rumah Tangga
2024-01-08,CIRACAS,35.4,Organik,Rumah Tangga
2024-01-08,CIPAYUNG,27.6,Organik,Rumah Tangga
2024-01-08,MAKASAR,45.4,Organik,Rumah Tangga
2024-01-08,KRAMAT JATI,59.6,Organik,Rumah Tangga
2024-01-08,PASAR REBO,36.3,Organik,Rumah Tangga
2024-01-08,DUREN SAWIT,38.7,Organik,Rumah Tangga
2024-01-08,TEBET,40.0,Organik,Rumah Tangga
2024-01-08,SETIABUDI,69.4,Organik,Rumah Tangga
2024-01-08,MAMPANG PRAPATAN,49.0,Organik,Rumah Tangga
2024-01-08,PANCORAN,21.1,Organik,Rumah Tangga
2024-01-08,KEBAYORAN BARU,26.0,Organik,Rumah Tangga
2024-01-08,KEBAYORAN LAMA,28.5,Organik,Rumah Tangga
2024-01-08,CILANDAK,51.4,Organik,Rumah Tangga
2024-01-08,PESANGGRAHAN,60.6,Organik,Rumah Tangga
2024-01-08,PASAR MINGGU,40.4,Organik,Rumah Tangga
2024-01-08,KEBON JERUK,60.1,Organik,Rumah Tangga
2024-01-08,KEMBANGAN,34.0,Organik,Rumah Tangga
2024-01-08,PALMERAH,28.4,Organik,Rumah Tangga
2024-01-08,GROGOL PETAMBURAN,51.3,Organik,Rumah Tangga
2024-01-08,TAMBORA,56.2,Organik,Rumah Tangga
2024-01-08,TAMAN SARI,59.3,Organik,Rumah Tangga
2024-01-08,CENGKARENG,31.0,Organik,Rumah Tangga
2024-01-08,KALI DERES,37.0,Organik,Rumah Tangga
2024-01-08,PENJARINGAN,22.2,Organik,Rumah Tangga
2024-01-08,PADEMANGAN,34.0,Organik,Rumah Tangga
2024-01-08,TANJUNG PRIOK,24.3,Organik,Rumah Tangga
2024-01-08,KOJA,60.7,Organik,Rumah Tangga
2024-01-08,KELAPA GADING,56.1,Organik,Rumah Tangga
2024-01-08,CILINCING,25.1,Organik,Rumah Tangga
2024-01-09,KEPULAUAN SERIBU UTARA,40.3,Organik,Rumah Tangga
2024-01-09,KEPULAUAN SERIBU SELATAN,29.4,Organik,Rumah Tangga
2024-01-09,GAMBIR,40.7,Organik,Rumah Tangga
2024-01-09,TANAH ABANG,43.3,Organik,Rumah Tangga
2024-01-09,MENTENG,24.6,Organik,Rumah Tangga
2024-01-09,CEMPAKA PUTIH,46.0,Organik,Rumah Tangga
2024-01-09,JOHAR BARU,58.8,Organik,Rumah Tangga
2024-01-09,SAWAH BESAR,41.8,Organik,Rumah Tangga
2024-01-09,KEMAYORAN,69.6,Organik,Rumah Tangga
2024-01-09,MATRAMAN,52.0,Organik,Rumah Tangga
2024-01-09,PULOGADUNG,38.2,Organik,Rumah Tangga
2024-01-09,JATINEGARA,32.7,Organik,Rumah Tangga
2024-01-09,CAKUNG,69.9,Organik,Rumah Tangga
2024-01-09,CIRACAS,28.7,Organik,Rumah Tangga
2024-01-09,CIPAYUNG,36.3,Organik,Rumah Tangga
2024-01-09,MAKASAR,54.0,Organik,Rumah Tangga
2024-01-09,KRAMAT JATI,26.4,Organik,Rumah Tangga
2024-01-09,PASAR REBO,66.1,Organik,Rumah Tangga
2024-01-09,DUREN SAWIT,68.9,Organik,Rumah Tangga
2024-01-09,TEBET,41.6,Organik,Rumah Tangga
2024-01-09,SETIABUDI,50.4,Organik,Rumah Tangga
2024-01-09,MAMPANG PRAPATAN,67.3,Organik,Rumah Tangga
2024-01-09,PANCORAN,25.1,Organik,Rumah Tangga
2024-01-09,KEBAYORAN BARU,30.9,Organik,Rumah Tangga
2024-01-09,KEBAYORAN LAMA,30.2,Organik,Rumah Tangga
2024-01-09,CILANDAK,50.5,Organik,Rumah Tangga
2024-01-09,PESANGGRAHAN,29.5,Organik,Rumah Tangga
2024-01-09,PASAR MINGGU,35.3,Organik,Rumah Tangga
2024-01-09,KEBON JERUK,28.4,Organik,Rumah Tangga
2024-01-09,KEMBANGAN,65.6,Organik,Rumah Tangga
2024-01-09,PALMERAH,37.4,Organik,Rumah Tangga
2024-01-09,GROGOL PETAMBURAN,23.0,Organik,Rumah Tangga
2024-01-09,TAMBORA,53.1,Organik,Rumah Tangga
2024-01-09,TAMAN SARI,33.1,Organik,Rumah Tangga
2024-01-09,CENGKARENG,63.4,Organik,Rumah Tangga
2024-01-09,KALI DERES,22.3,Organik,Rumah Tangga
2024-01-09,PENJARINGAN,51.2,Organik,Rumah Tangga
2024-01-09,PADEMANGAN,62.9,Organik,Rumah Tangga
2024-01-09,TANJUNG PRIOK,69.0,Organik,Rumah Tangga
2024-01-09,KOJA,45.7,Organik,Rumah Tangga
2024-01-09,KELAPA GADING,43.9,Organik,Rumah Tangga
2024-01-09,CILINCING,55.3,Organik,Rumah Tangga
2024-01-10,KEPULAUAN SERIBU UTARA,34.3,Organik,Rumah Tangga
2024-01-10,KEPULAUAN SERIBU SELATAN,30.7,Organik,Rumah Tangga
2024-01-10,GAMBIR,25.8,Organik,Rumah Tangga
2024-01-10,TANAH ABANG,69.6,Organik,Rumah Tangga
2024-01-10,MENTENG,46.1,Organik,Rumah Tangga
2024-01-10,CEMPAKA PUTIH,35.1,Organik,Rumah Tangga
2024-01-10,JOHAR BARU,45.7,Organik,Rumah Tangga
2024-01-10,SAWAH BESAR,25.2,Organik,Rumah Tangga
2024-01-10,KEMAYORAN,33.8,Organik,Rumah Tangga
2024-01-10,MATRAMAN,53.0,Organik,Rumah Tangga
2024-01-10,PULOGADUNG,25.3,Organik,Rumah Tangga
2024-01-10,JATINEGARA,28.1,Organik,Rumah Tangga
2024-01-10,CAKUNG,50.5,Organik,Rumah Tangga
2024-01-10,CIRACAS,22.4,Organik,Rumah Tangga
2024-01-10,CIPAYUNG,62.2,Organik,Rumah Tangga
2024-01-10,MAKASAR,67.4,Organik,Rumah Tangga
2024-01-10,KRAMAT JATI,37.5,Organik,Rumah Tangga
2024-01-10,PASAR REBO,24.9,Organik,Rumah Tangga
2024-01-10,DUREN SAWIT,45.6,Organik,Rumah Tangga
2024-01-10,TEBET,53.8,Organik,Rumah Tangga
2024-01-10,SETIABUDI,63.0,Organik,Rumah Tangga
2024-01-10,MAMPANG PRAPATAN,63.0,Organik,Rumah Tangga
2024-01-10,PANCORAN,24.4,Organik,Rumah Tangga
2024-01-10,KEBAYORAN BARU,62.1,Organik,Rumah Tangga
2024-01-10,KEBAYORAN LAMA,56.1,Organik,Rumah Tangga
2024-01-10,CILANDAK,20.4,Organik,Rumah Tangga
2024-01-10,PESANGGRAHAN,55.6,Organik,Rumah Tangga
2024-01-10,PASAR MINGGU,49.6,Organik,Rumah Tangga
2024-01-10,KEBON JERUK,51.7,Organik,Rumah Tangga
2024-01-10,KEMBANGAN,63.6,Organik,Rumah Tangga
2024-01-10,PALMERAH,39.4,Organik,Rumah Tangga
2024-01-10,GROGOL PETAMBURAN,40.2,Organik,Rumah Tangga
2024-01-10,TAMBORA,21.1,Organik,Rumah Tangga
2024-01-10,TAMAN SARI,36.7,Organik,Rumah Tangga
2024-01-10,CENGKARENG,59.2,Organik,Rumah Tangga
2024-01-10,KALI DERES,42.5,Organik,Rumah Tangga
2024-01-10,PENJARINGAN,66.4,Organik,Rumah Tangga
2024-01-10,PADEMANGAN,27.9,Organik,Rumah Tangga
2024-01-10,TANJUNG PRIOK,48.3,Organik,Rumah Tangga
2024-01-10,KOJA,57.2,Organik,Rumah Tangga
2024-01-10,KELAPA GADING,34.0,Organik,Rumah Tangga
2024-01-10,CILINCING,59.9,Organik,Rumah Tangga
2024-01-11,KEPULAUAN SERIBU UTARA,33.9,Organik,Rumah Tangga
2024-01-11,KEPULAUAN SERIBU SELATAN,27.8,Organik,Rumah Tangga
2024-01-11,GAMBIR,55.8,Organik,Rumah Tangga
2024-01-11,TANAH ABANG,46.8,Organik,Rumah Tangga
2024-01-11,MENTENG,47.4,Organik,Rumah Tangga
2024-01-11,CEMPAKA PUTIH,56.6,Organik,Rumah Tangga
2024-01-11,JOHAR BARU,64.0,Organik,Rumah Tangga
2024-01-11,SAWAH BESAR,52.2,Organik,Rumah Tangga
2024-01-11,KEMAYORAN,52.0,Organik,Rumah Tangga
2024-01-11,MATRAMAN,36.1,Organik,Rumah Tangga
2024-01-11,PULOGADUNG,46.8,Organik,Rumah Tangga
2024-01-11,JATINEGARA,36.0,Organik,Rumah Tangga
2024-01-11,CAKUNG,29.9,Organik,Rumah Tangga
2024-01-11,CIRACAS,36.6,Organik,Rumah Tangga
2024-01-11,CIPAYUNG,34.7,Organik,Rumah Tangga
2024-01-11,MAKASAR,31.3,Organik,Rumah Tangga
2024-01-11,KRAMAT JATI,56.5,Organik,Rumah Tangga
2024-01-11,PASAR REBO,51.5,Organik,Rumah Tangga
2024-01-11,DUREN SAWIT,56.6,Organik,Rumah Tangga
2024-01-11,TEBET,57.6,Organik,Rumah Tangga
2024-01-11,SETIABUDI,52.4,Organik,Rumah Tangga
2024-01-11,MAMPANG PRAPATAN,22.3,Organik,Rumah Tangga
2024-01-11,PANCORAN,47.8,Organik,Rumah Tangga
2024-01-11,KEBAYORAN BARU,32.1,Organik,Rumah Tangga
2024-01-11,KEBAYORAN LAMA,35.0,Organik,Rumah Tangga
2024-01-11,CILANDAK,43.1,Organik,Rumah Tangga
2024-01-11,PESANGGRAHAN,40.6,Organik,Rumah Tangga
2024-01-11,PASAR MINGGU,29.1,Organik,Rumah Tangga
2024-01-11,KEBON JERUK,49.0,Organik,Rumah Tangga
2024-01-11,KEMBANGAN,58.7,Organik,Rumah Tangga
2024-01-11,PALMERAH,36.5,Organik,Rumah Tangga
2024-01-11,GROGOL PETAMBURAN,56.0,Organik,Rumah Tangga
2024-01-11,TAMBORA,52.0,Organik,Rumah Tangga
2024-01-11,TAMAN SARI,29.8,Organik,Rumah Tangga
2024-01-11,CENGKARENG,59.1,Organik,Rumah Tangga
2024-01-11,KALI DERES,43.3,Organik,Rumah Tangga
2024-01-11,PENJARINGAN,59.6,Organik,Rumah Tangga
2024-01-11,PADEMANGAN,21.7,Organik,Rumah Tangga
2024-01-11,TANJUNG PRIOK,48.6,Organik,Rumah Tangga
2024-01-11,KOJA,44.7,Organik,Rumah Tangga
2024-01-11,KELAPA GADING,46.1,Organik,Rumah Tangga
2024-01-11,CILINCING,37.0,Organik,Rumah Tangga
2024-01-12,KEPULAUAN SERIBU UTARA,38.6,Organik,Rumah Tangga
2024-01-12,KEPULAUAN SERIBU SELATAN,36.8,Organik,Rumah Tangga
2024-01-12,GAMBIR,62.3,Organik,Rumah Tangga
2024-01-12,TANAH ABANG,52.0,Organik,Rumah Tangga
2024-01-12,MENTENG,45.4,Organik,Rumah Tangga
2024-01-12,CEMPAKA PUTIH,61.1,Organik,Rumah Tangga
2024-01-12,JOHAR BARU,30.0,Organik,Rumah Tangga
2024-01-12,SAWAH BESAR,21.3,Organik,Rumah Tangga
2024-01-12,KEMAYORAN,48.5,Organik,Rumah Tangga
2024-01-12,MATRAMAN,41.2,Organik,Rumah Tangga
2024-01-12,PULOGADUNG,20.8,Organik,Rumah Tangga
2024-01-12,JATINEGARA,22.8,Organik,Rumah Tangga
2024-01-12,CAKUNG,38.7,Organik,Rumah Tangga
2024-01-12,CIRACAS,47.6,Organik,Rumah Tangga
2024-01-12,CIPAYUNG,69.7,Organik,Rumah Tangga
2024-01-12,MAKASAR,54.1,Organik,Rumah Tangga
2024-01-12,KRAMAT JATI,46.1,Organik,Rumah Tangga
2024-01-12,PASAR REBO,49.4,Organik,Rumah Tangga
2024-01-12,DUREN SAWIT,58.8,Organik,Rumah Tangga
2024-01-12,TEBET,62.4,Organik,Rumah Tangga
2024-01-12,SETIABUDI,54.2,Organik,Rumah Tangga
2024-01-12,MAMPANG PRAPATAN,30.6,Organik,Rumah Tangga
2024-01-12,PANCORAN,27.1,Organik,Rumah Tangga
2024-01-12,KEBAYORAN BARU,39.4,Organik,Rumah Tangga
2024-01-12,KEBAYORAN LAMA,60.8,Organik,Rumah Tangga
2024-01-12,CILANDAK,20.3,Organik,Rumah Tangga
2024-01-12,PESANGGRAHAN,20.8,Organik,Rumah Tangga
2024-01-12,PASAR MINGGU,61.3,Organik,Rumah Tangga
2024-01-12,KEBON JERUK,55.2,Organik,Rumah Tangga
2024-01-12,KEMBANGAN,41.0,Organik,Rumah Tangga
2024-01-12,PALMERAH,58.4,Organik,Rumah Tangga
2024-01-12,GROGOL PETAMBURAN,32.8,Organik,Rumah Tangga
2024-01-12,TAMBORA,46.2,Organik,Rumah Tangga
2024-01-12,TAMAN SARI,57.2,Organik,Rumah Tangga
2024-01-12,CENGKARENG,34.0,Organik,Rumah Tangga
2024-01-12,KALI DERES,46.8,Organik,Rumah Tangga
2024-01-12,PENJARINGAN,48.7,Organik,Rumah Tangga
2024-01-12,PADEMANGAN,33.1,Organik,Rumah Tangga
2024-01-12,TANJUNG PRIOK,50.0,Organik,Rumah Tangga
2024-01-12,KOJA,46.7,Organik,Rumah Tangga
2024-01-12,KELAPA GADING,36.7,Organik,Rumah Tangga
2024-01-12,CILINCING,63.1,Organik,Rumah Tangga
2024-01-13,KEPULAUAN SERIBU UTARA,49.0,Organik,Rumah Tangga
2024-01-13,KEPULAUAN SERIBU SELATAN,30.8,Organik,Rumah Tangga
2024-01-13,GAMBIR,51.5,Organik,Rumah Tangga
2024-01-13,TANAH ABANG,42.9,Organik,Rumah Tangga
2024-01-13,MENTENG,32.2,Organik,Rumah Tangga
2024-01-13,CEMPAKA PUTIH,55.8,Organik,Rumah Tangga
2024-01-13,JOHAR BARU,39.4,Organik,Rumah Tangga
2024-01-13,SAWAH BESAR,52.1,Organik,Rumah Tangga
2024-01-13,KEMAYORAN,64.5,Organik,Rumah Tangga
2024-01-13,MATRAMAN,49.8,Organik,Rumah Tangga
2024-01-13,PULOGADUNG,65.6,Organik,Rumah Tangga
2024-01-13,JATINEGARA,53.3,Organik,Rumah Tangga
2024-01-13,CAKUNG,66.1,Organik,Rumah Tangga
2024-01-13,CIRACAS,23.7,Organik,Rumah Tangga
2024-01-13,CIPAYUNG,32.6,Organik,Rumah Tangga
2024-01-13,MAKASAR,49.7,Organik,Rumah Tangga
2024-01-13,KRAMAT JATI,61.3,Organik,Rumah Tangga
2024-01-13,PASAR REBO,21.7,Organik,Rumah Tangga
2024-01-13,DUREN SAWIT,65.0,Organik,Rumah Tangga
2024-01-13,TEBET,23.8,Organik,Rumah Tangga
2024-01-13,SETIABUDI,49.7,Organik,Rumah Tangga
2024-01-13,MAMPANG PRAPATAN,63.0,Organik,Rumah Tangga
2024-01-13,PANCORAN,42.7,Organik,Rumah Tangga
2024-01-13,KEBAYORAN BARU,37.6,Organik,Rumah Tangga
2024-01-13,KEBAYORAN LAMA,60.9,Organik,Rumah Tangga
2024-01-13,CILANDAK,50.4,Organik,Rumah Tangga
2024-01-13,PESANGGRAHAN,20.3,Organik,Rumah Tangga
2024-01-13,PASAR MINGGU,56.4,Organik,Rumah Tangga
2024-01-13,KEBON JERUK,69.6,Organik,Rumah Tangga
2024-01-13,KEMBANGAN,21.8,Organik,Rumah Tangga
2024-01-13,PALMERAH,29.5,Organik,Rumah Tangga
2024-01-13,GROGOL PETAMBURAN,26.9,Organik,Rumah Tangga
2024-01-13,TAMBORA,39.9,Organik,Rumah Tangga
2024-01-13,TAMAN SARI,68.1,Organik,Rumah Tangga
2024-01-13,CENGKARENG,34.4,Organik,Rumah Tangga
2024-01-13,KALI DERES,61.5,Organik,Rumah Tangga
2024-01-13,PENJARINGAN,53.2,Organik,Rumah Tangga
2024-01-13,PADEMANGAN,29.7,Organik,Rumah Tangga
2024-01-13,TANJUNG PRIOK,50.8,Organik,Rumah Tangga
2024-01-13,KOJA,58.6,Organik,Rumah Tangga
2024-01-13,KELAPA GADING,56.3,Organik,Rumah Tangga
2024-01-13,CILINCING,38.7,Organik,Rumah Tangga
2024-01-14,KEPULAUAN SERIBU UTARA,36.7,Organik,Rumah Tangga
2024-01-14,KEPULAUAN SERIBU SELATAN,38.4,Organik,Rumah Tangga
2024-01-14,GAMBIR,34.9,Organik,Rumah Tangga
2024-01-14,TANAH ABANG,42.6,Organik,Rumah Tangga
2024-01-14,MENTENG,54.6,Organik,Rumah Tangga
2024-01-14,CEMPAKA PUTIH,20.0,Organik,Rumah Tangga
2024-01-14,JOHAR BARU,45.2,Organik,Rumah Tangga
2024-01-14,SAWAH BESAR,58.4,Organik,Rumah Tangga
2024-01-14,KEMAYORAN,49.0,Organik,Rumah Tangga
2024-01-14,MATRAMAN,46.8,Organik,Rumah Tangga
2024-01-14,PULOGADUNG,66.7,Organik,Rumah Tangga
2024-01-14,JATINEGARA,41.9,Organik,Rumah Tangga
2024-01-14,CAKUNG,41.0,Organik,Rumah Tangga
2024-01-14,CIRACAS,47.9,Organik,Rumah Tangga
2024-01-14,CIPAYUNG,45.4,Organik,Rumah Tangga
2024-01-14,MAKASAR,54.7,Organik,Rumah Tangga
2024-01-14,KRAMAT JATI,68.3,Organik,Rumah Tangga
2024-01-14,PASAR REBO,25.0,Organik,Rumah Tangga
2024-01-14,DUREN SAWIT,22.6,Organik,Rumah Tangga
2024-01-14,TEBET,62.1,Organik,Rumah Tangga
2024-01-14,SETIABUDI,36.4,Organik,Rumah Tangga
2024-01-14,MAMPANG PRAPATAN,59.2,Organik,Rumah Tangga
2024-01-14,PANCORAN,43.0,Organik,Rumah Tangga
2024-01-14,KEBAYORAN BARU,68.1,Organik,Rumah Tangga
2024-01-14,KEBAYORAN LAMA,35.7,Organik,Rumah Tangga
2024-01-14,CILANDAK,27.4,Organik,Rumah Tangga
2024-01-14,PESANGGRAHAN,39.9,Organik,Rumah Tangga
2024-01-14,PASAR MINGGU,21.0,Organik,Rumah Tangga
2024-01-14,KEBON JERUK,48.0,Organik,Rumah Tangga
2024-01-14,KEMBANGAN,66.0,Organik,Rumah Tangga
2024-01-14,PALMERAH,28.6,Organik,Rumah Tangga
2024-01-14,GROGOL PETAMBURAN,49.9,Organik,Rumah Tangga
2024-01-14,TAMBORA,62.3,Organik,Rumah Tangga
2024-01-14,TAMAN SARI,51.9,Organik,Rumah Tangga
2024-01-14,CENGKARENG,45.0,Organik,Rumah Tangga
2024-01-14,KALI DERES,37.8,Organik,Rumah Tangga
2024-01-14,PENJARINGAN,67.8,Organik,Rumah Tangga
2024-01-14,PADEMANGAN,65.0,Organik,Rumah Tangga
2024-01-14,TANJUNG PRIOK,37.9,Organik,Rumah Tangga
2024-01-14,KOJA,62.6,Organik,Rumah Tangga
2024-01-14,KELAPA GADING,25.1,Organik,Rumah Tangga
2024-01-14,CILINCING,36.3,Organik,Rumah Tangga
2024-01-15,KEPULAUAN SERIBU UTARA,65.6,Organik,Rumah Tangga
2024-01-15,KEPULAUAN SERIBU SELATAN,27.9,Organik,Rumah Tangga
2024-01-15,GAMBIR,32.0,Organik,Rumah Tangga
2024-01-15,TANAH ABANG,63.7,Organik,Rumah Tangga
2024-01-15,MENTENG,41.6,Organik,Rumah Tangga
2024-01-15,CEMPAKA PUTIH,20.1,Organik,Rumah Tangga
2024-01-15,JOHAR BARU,33.5,Organik,Rumah Tangga
2024-01-15,SAWAH BESAR,43.5,Organik,Rumah Tangga
2024-01-15,KEMAYORAN,28.1,Organik,Rumah Tangga
2024-01-15,MATRAMAN,63.5,Organik,Rumah Tangga
2024-01-15,PULOGADUNG,34.2,Organik,Rumah Tangga
2024-01-15,JATINEGARA,31.6,Organik,Rumah Tangga
2024-01-15,CAKUNG,29.9,Organik,Rumah Tangga
2024-01-15,CIRACAS,32.2,Organik,Rumah Tangga
2024-01-15,CIPAYUNG,59.2,Organik,Rumah Tangga
2024-01-15,MAKASAR,47.4,Organik,Rumah Tangga
2024-01-15,KRAMAT JATI,58.0,Organik,Rumah Tangga
2024-01-15,PASAR REBO,39.4,Organik,Rumah Tangga
2024-01-15,DUREN SAWIT,58.2,Organik,Rumah Tangga
2024-01-15,TEBET,56.7,Organik,Rumah Tangga
2024-01-15,SETIABUDI,33.0,Organik,Rumah Tangga
2024-01-15,MAMPANG PRAPATAN,46.2,Organik,Rumah Tangga
2024-01-15,PANCORAN,56.3,Organik,Rumah Tangga
2024-01-15,KEBAYORAN BARU,50.8,Organik,Rumah Tangga
2024-01-15,KEBAYORAN LAMA,41.9,Organik,Rumah Tangga
2024-01-15,CILANDAK,35.0,Organik,Rumah Tangga
2024-01-15,PESANGGRAHAN,48.3,Organik,Rumah Tangga
2024-01-15,PASAR MINGGU,41.4,Organik,Rumah Tangga
2024-01-15,KEBON JERUK,44.6,Organik,Rumah Tangga
2024-01-15,KEMBANGAN,56.2,Organik,Rumah Tangga
2024-01-15,PALMERAH,55.4,Organik,Rumah Tangga
2024-01-15,GROGOL PETAMBURAN,56.9,Organik,Rumah Tangga
2024-01-15,TAMBORA,40.0,Organik,Rumah Tangga
2024-01-15,TAMAN SARI,63.4,Organik,Rumah Tangga
2024-01-15,CENGKARENG,48.3,Organik,Rumah Tangga
2024-01-15,KALI DERES,49.8,Organik,Rumah Tangga
2024-01-15,PENJARINGAN,59.5,Organik,Rumah Tangga
2024-01-15,PADEMANGAN,47.0,Organik,Rumah Tangga
2024-01-15,TANJUNG PRIOK,40.3,Organik,Rumah Tangga
2024-01-15,KOJA,29.6,Organik,Rumah Tangga
2024-01-15,KELAPA GADING,39.1,Organik,Rumah Tangga
2024-01-15,CILINCING,28.2,Organik,Rumah Tangga
2024-01-16,KEPULAUAN SERIBU UTARA,69.6,Organik,Rumah Tangga
2024-01-16,KEPULAUAN SERIBU SELATAN,62.4,Organik,Rumah Tangga
2024-01-16,GAMBIR,44.2,Organik,Rumah Tangga
2024-01-16,TANAH ABANG,20.7,Organik,Rumah Tangga
2024-01-16,MENTENG,57.2,Organik,Rumah Tangga
2024-01-16,CEMPAKA PUTIH,46.3,Organik,Rumah Tangga
2024-01-16,JOHAR BARU,52.2,Organik,Rumah Tangga
2024-01-16,SAWAH BESAR,33.7,Organik,Rumah Tangga
2024-01-16,KEMAYORAN,20.2,Organik,Rumah Tangga
2024-01-16,MATRAMAN,49.4,Organik,Rumah Tangga
2024-01-16,PULOGADUNG,67.9,Organik,Rumah Tangga
2024-01-16,JATINEGARA,61.4,Organik,Rumah Tangga
2024-01-16,CAKUNG,69.7,Organik,Rumah Tangga
2024-01-16,CIRACAS,63.0,Organik,Rumah Tangga
2024-01-16,CIPAYUNG,45.5,Organik,Rumah Tangga
2024-01-16,MAKASAR,67.1,Organik,Rumah Tangga
2024-01-16,KRAMAT JATI,61.5,Organik,Rumah Tangga
2024-01-16,PASAR REBO,35.3,Organik,Rumah Tangga
2024-01-16,DUREN SAWIT,64.6,Organik,Rumah Tangga
2024-01-16,TEBET,57.0,Organik,Rumah Tangga
2024-01-16,SETIABUDI,41.4,Organik,Rumah Tangga
2024-01-16,MAMPANG PRAPATAN,54.1,Organik,Rumah Tangga
2024-01-16,PANCORAN,30.7,Organik,Rumah Tangga
2024-01-16,KEBAYORAN BARU,39.0,Organik,Rumah Tangga
2024-01-16,KEBAYORAN LAMA,53.5,Organik,Rumah Tangga
2024-01-16,CILANDAK,21.4,Organik,Rumah Tangga
2024-01-16,PESANGGRAHAN,59.5,Organik,Rumah Tangga
2024-01-16,PASAR MINGGU,23.5,Organik,Rumah Tangga
2024-01-16,KEBON JERUK,70.0,Organik,Rumah Tangga
2024-01-16,KEMBANGAN,47.9,Organik,Rumah Tangga
2024-01-16,PALMERAH,35.9,Organik,Rumah Tangga
2024-01-16,GROGOL PETAMBURAN,65.5,Organik,Rumah Tangga
2024-01-16,TAMBORA,65.6,Organik,Rumah Tangga
2024-01-16,TAMAN SARI,43.6,Organik,Rumah Tangga
2024-01-16,CENGKARENG,65.0,Organik,Rumah Tangga
2024-01-16,KALI DERES,41.6,Organik,Rumah Tangga
2024-01-16,PENJARINGAN,59.1,Organik,Rumah Tangga
2024-01-16,PADEMANGAN,26.1,Organik,Rumah Tangga
2024-01-16,TANJUNG PRIOK,49.6,Organik,Rumah Tangga
2024-01-16,KOJA,42.3,Organik,Rumah Tangga
2024-01-16,KELAPA GADING,60.1,Organik,Rumah Tangga
2024-01-16,CILINCING,44.1,Organik,Rumah Tangga
2024-01-17,KEPULAUAN SERIBU UTARA,50.8,Organik,Rumah Tangga
2024-01-17,KEPULAUAN SERIBU SELATAN,49.5,Organik,Rumah Tangga
2024-01-17,GAMBIR,46.6,Organik,Rumah Tangga
2024-01-17,TANAH ABANG,60.3,Organik,Rumah Tangga
2024-01-17,MENTENG,20.7,Organik,Rumah Tangga
2024-01-17,CEMPAKA PUTIH,37.7,Organik,Rumah Tangga
2024-01-17,JOHAR BARU,53.0,Organik,Rumah Tangga
2024-01-17,SAWAH BESAR,41.1,Organik,Rumah Tangga
2024-01-17,KEMAYORAN,59.4,Organik,Rumah Tangga
2024-01-17,MATRAMAN,30.9,Organik,Rumah Tangga
2024-01-17,PULOGADUNG,28.2,Organik,Rumah Tangga
2024-01-17,JATINEGARA,50.5,Organik,Rumah Tangga
2024-01-17,CAKUNG,64.1,Organik,Rumah Tangga
2024-01-17,CIRACAS,57.6,Organik,Rumah Tangga
2024-01-17,CIPAYUNG,51.0,Organik,Rumah Tangga
2024-01-17,MAKASAR,33.0,Organik,Rumah Tangga
2024-01-17,KRAMAT JATI,38.0,Organik,Rumah Tangga
2024-01-17,PASAR REBO,30.4,Organik,Rumah Tangga
2024-01-17,DUREN SAWIT,39.1,Organik,Rumah Tangga
2024-01-17,TEBET,27.9,Organik,Rumah Tangga
2024-01-17,SETIABUDI,32.4,Organik,Rumah Tangga
2024-01-17,MAMPANG PRAPATAN,67.1,Organik,Rumah Tangga
2024-01-17,PANCORAN,51.9,Organik,Rumah Tangga
2024-01-17,KEBAYORAN BARU,43.1,Organik,Rumah Tangga
2024-01-17,KEBAYORAN LAMA,60.1,Organik,Rumah Tangga
2024-01-17,CILANDAK,24.7,Organik,Rumah Tangga
2024-01-17,PESANGGRAHAN,55.3,Organik,Rumah Tangga
2024-01-17,PASAR MINGGU,66.2,Organik,Rumah Tangga
2024-01-17,KEBON JERUK,66.1,Organik,Rumah Tangga
2024-01-17,KEMBANGAN,43.6,Organik,Rumah Tangga
2024-01-17,PALMERAH,66.4,Organik,Rumah Tangga
2024-01-17,GROGOL PETAMBURAN,28.8,Organik,Rumah Tangga
2024-01-17,TAMBORA,45.4,Organik,Rumah Tangga
2024-01-17,TAMAN SARI,65.8,Organik,Rumah Tangga
2024-01-17,CENGKARENG,21.9,Organik,Rumah Tangga
2024-01-17,KALI DERES,66.4,Organik,Rumah Tangga
2024-01-17,PENJARINGAN,41.4,Organik,Rumah Tangga
2024-01-17,PADEMANGAN,27.3,Organik,Rumah Tangga
2024-01-17,TANJUNG PRIOK,28.4,Organik,Rumah Tangga
2024-01-17,KOJA,39.3,Organik,Rumah Tangga
2024-01-17,KELAPA GADING,27.8,Organik,Rumah Tangga
2024-01-17,CILINCING,32.7,Organik,Rumah Tangga
2024-01-18,KEPULAUAN SERIBU UTARA,27.7,Organik,Rumah Tangga
2024-01-18,KEPULAUAN SERIBU SELATAN,23.0,Organik,Rumah Tangga
2024-01-18,GAMBIR,52.1,Organik,Rumah Tangga
2024-01-18,TANAH ABANG,28.7,Organik,Rumah Tangga
2024-01-18,MENTENG,37.8,Organik,Rumah Tangga
2024-01-18,CEMPAKA PUTIH,33.9,Organik,Rumah Tangga
2024-01-18,JOHAR BARU,66.4,Organik,Rumah Tangga
2024-01-18,SAWAH BESAR,27.2,Organik,Rumah Tangga
2024-01-18,KEMAYORAN,32.4,Organik,Rumah Tangga
2024-01-18,MATRAMAN,39.5,Organik,Rumah Tangga
2024-01-18,PULOGADUNG,60.0,Organik,Rumah Tangga
2024-01-18,JATINEGARA,42.8,Organik,Rumah Tangga
2024-01-18,CAKUNG,38.1,Organik,Rumah Tangga
2024-01-18,CIRACAS,66.6,Organik,Rumah Tangga
2024-01-18,CIPAYUNG,35.5,Organik,Rumah Tangga
2024-01-18,MAKASAR,69.5,Organik,Rumah Tangga
2024-01-18,KRAMAT JATI,61.9,Organik,Rumah Tangga
2024-01-18,PASAR REBO,64.5,Organik,Rumah Tangga
2024-01-18,DUREN SAWIT,23.4,Organik,Rumah Tangga
2024-01-18,TEBET,31.7,Organik,Rumah Tangga
2024-01-18,SETIABUDI,69.2,Organik,Rumah Tangga
2024-01-18,MAMPANG PRAPATAN,49.0,Organik,Rumah Tangga
2024-01-18,PANCORAN,32.4,Organik,Rumah Tangga
2024-01-18,KEBAYORAN BARU,42.3,Organik,Rumah Tangga
2024-01-18,KEBAYORAN LAMA,25.1,Organik,Rumah Tangga
2024-01-18,CILANDAK,40.0,Organik,Rumah Tangga
2024-01-18,PESANGGRAHAN,32.0,Organik,Rumah Tangga
2024-01-18,PASAR MINGGU,29.4,Organik,Rumah Tangga
2024-01-18,KEBON JERUK,36.5,Organik,Rumah Tangga
2024-01-18,KEMBANGAN,57.5,Organik,Rumah Tangga
2024-01-18,PALMERAH,34.8,Organik,Rumah Tangga
2024-01-18,GROGOL PETAMBURAN,33.9,Organik,Rumah Tangga
2024-01-18,TAMBORA,57.5,Organik,Rumah Tangga
2024-01-18,TAMAN SARI,45.3,Organik,Rumah Tangga
2024-01-18,CENGKARENG,59.7,Organik,Rumah Tangga
2024-01-18,KALI DERES,40.6,Organik,Rumah Tangga
2024-01-18,PENJARINGAN,69.9,Organik,Rumah Tangga
2024-01-18,PADEMANGAN,26.8,Organik,Rumah Tangga
2024-01-18,TANJUNG PRIOK,28.2,Organik,Rumah Tangga
2024-01-18,KOJA,30.4,Organik,Rumah Tangga
2024-01-18,KELAPA GADING,58.4,Organik,Rumah Tangga
2024-01-18,CILINCING,55.0,Organik,Rumah Tangga
2024-01-19,KEPULAUAN SERIBU UTARA,46.4,Organik,Rumah Tangga
2024-01-19,KEPULAUAN SERIBU SELATAN,41.8,Organik,Rumah Tangga
2024-01-19,GAMBIR,27.2,Organik,Rumah Tangga
2024-01-19,TANAH ABANG,21.8,Organik,Rumah Tangga
2024-01-19,MENTENG,43.2,Organik,Rumah Tangga
2024-01-19,CEMPAKA PUTIH,49.3,Organik,Rumah Tangga
2024-01-19,JOHAR BARU,29.1,Organik,Rumah Tangga
2024-01-19,SAWAH BESAR,22.0,Organik,Rumah Tangga
2024-01-19,KEMAYORAN,61.1,Organik,Rumah Tangga
2024-01-19,MATRAMAN,38.5,Organik,Rumah Tangga
2024-01-19,PULOGADUNG,57.7,Organik,Rumah Tangga
2024-01-19,JATINEGARA,68.2,Organik,Rumah Tangga
2024-01-19,CAKUNG,37.8,Organik,Rumah Tangga
2024-01-19,CIRACAS,42.4,Organik,Rumah Tangga
2024-01-19,CIPAYUNG,60.3,Organik,Rumah Tangga
2024-01-19,MAKASAR,59.9,Organik,Rumah Tangga
2024-01-19,KRAMAT JATI,53.8,Organik,Rumah Tangga
2024-01-19,PASAR REBO,69.3,Organik,Rumah Tangga
2024-01-19,DUREN SAWIT,52.0,Organik,Rumah Tangga
2024-01-19,TEBET,56.4,Organik,Rumah Tangga
2024-01-19,SETIABUDI,49.4,Organik,Rumah Tangga
2024-01-19,MAMPANG PRAPATAN,26.2,Organik,Rumah Tangga
2024-01-19,PANCORAN,59.9,Organik,Rumah Tangga
2024-01-19,KEBAYORAN BARU,39.1,Organik,Rumah Tangga
2024-01-19,KEBAYORAN LAMA,63.5,Organik,Rumah Tangga
2024-01-19,CILANDAK,34.8,Organik,Rumah Tangga
2024-01-19,PESANGGRAHAN,49.1,Organik,Rumah Tangga
2024-01-19,PASAR MINGGU,52.7,Organik,Rumah Tangga
2024-01-19,KEBON JERUK,51.1,Organik,Rumah Tangga
2024-01-19,KEMBANGAN,25.3,Organik,Rumah Tangga
2024-01-19,PALMERAH,58.5,Organik,Rumah Tangga
2024-01-19,GROGOL PETAMBURAN,40.4,Organik,Rumah Tangga
2024-01-19,TAMBORA,45.8,Organik,Rumah Tangga
2024-01-19,TAMAN SARI,69.5,Organik,Rumah Tangga
2024-01-19,CENGKARENG,34.0,Organik,Rumah Tangga
2024-01-19,KALI DERES,64.7,Organik,Rumah Tangga
2024-01-19,PENJARINGAN,30.7,Organik,Rumah Tangga
2024-01-19,PADEMANGAN,24.0,Organik,Rumah Tangga
2024-01-19,TANJUNG PRIOK,65.4,Organik,Rumah Tangga
2024-01-19,KOJA,63.3,Organik,Rumah Tangga
2024-01-19,KELAPA GADING,26.9,Organik,Rumah Tangga
2024-01-19,CILINCING,41.6,Organik,Rumah Tangga
2024-01-20,KEPULAUAN SERIBU UTARA,33.0,Organik,Rumah Tangga
2024-01-20,KEPULAUAN SERIBU SELATAN,29.1,Organik,Rumah Tangga
2024-01-20,GAMBIR,53.3,Organik,Rumah Tangga
2024-01-20,TANAH ABANG,63.9,Organik,Rumah Tangga
2024-01-20,MENTENG,69.4,Organik,Rumah Tangga
2024-01-20,CEMPAKA PUTIH,46.5,Organik,Rumah Tangga
2024-01-20,JOHAR BARU,63.1,Organik,Rumah Tangga
2024-01-20,SAWAH BESAR,41.0,Organik,Rumah Tangga
2024-01-20,KEMAYORAN,40.6,Organik,Rumah Tangga
2024-01-20,MATRAMAN,27.6,Organik,Rumah Tangga
2024-01-20,PULOGADUNG,42.5,Organik,Rumah Tangga
2024-01-20,JATINEGARA,20.2,Organik,Rumah Tangga
2024-01-20,CAKUNG,21.6,Organik,Rumah Tangga
2024-01-20,CIRACAS,43.9,Organik,Rumah Tangga
2024-01-20,CIPAYUNG,34.9,Organik,Rumah Tangga
2024-01-20,MAKASAR,55.9,Organik,Rumah Tangga
2024-01-20,KRAMAT JATI,49.7,Organik,Rumah Tangga
2024-01-20,PASAR REBO,37.6,Organik,Rumah Tangga
2024-01-20,DUREN SAWIT,43.3,Organik,Rumah Tangga
2024-01-20,TEBET,33.3,Organik,Rumah Tangga
2024-01-20,SETIABUDI,55.0,Organik,Rumah Tangga
2024-01-20,MAMPANG PRAPATAN,23.2,Organik,Rumah Tangga
2024-01-20,PANCORAN,53.8,Organik,Rumah Tangga
2024-01-20,KEBAYORAN BARU,55.6,Organik,Rumah Tangga
2024-01-20,KEBAYORAN LAMA,35.4,Organik,Rumah Tangga
2024-01-20,CILANDAK,65.7,Organik,Rumah Tangga
2024-01-20,PESANGGRAHAN,46.0,Organik,Rumah Tangga
2024-01-20,PASAR MINGGU,34.6,Organik,Rumah Tangga
2024-01-20,KEBON JERUK,57.9,Organik,Rumah Tangga
2024-01-20,KEMBANGAN,38.4,Organik,Rumah Tangga
2024-01-20,PALMERAH,29.2,Organik,Rumah Tangga
2024-01-20,GROGOL PETAMBURAN,35.4,Organik,Rumah Tangga
2024-01-20,TAMBORA,67.7,Organik,Rumah Tangga
2024-01-20,TAMAN SARI,60.1,Organik,Rumah Tangga
2024-01-20,CENGKARENG,57.5,Organik,Rumah Tangga
2024-01-20,KALI DERES,47.6,Organik,Rumah Tangga
2024-01-20,PENJARINGAN,26.2,Organik,Rumah Tangga
2024-01-20,PADEMANGAN,65.4,Organik,Rumah Tangga
2024-01-20,TANJUNG PRIOK,41.1,Organik,Rumah Tangga
2024-01-20,KOJA,41.9,Organik,Rumah Tangga
2024-01-20,KELAPA GADING,41.9,Organik,Rumah Tangga
2024-01-20,CILINCING,27.4,Organik,Rumah Tangga
2024-01-21,KEPULAUAN SERIBU UTARA,61.4,Organik,Rumah Tangga
2024-01-21,KEPULAUAN SERIBU SELATAN,59.0,Organik,Rumah Tangga
2024-01-21,GAMBIR,59.2,Organik,Rumah Tangga
2024-01-21,TANAH ABANG,26.1,Organik,Rumah Tangga
2024-01-21,MENTENG,38.6,Organik,Rumah Tangga
2024-01-21,CEMPAKA PUTIH,35.1,Organik,Rumah Tangga
2024-01-21,JOHAR BARU,24.0,Organik,Rumah Tangga
2024-01-21,SAWAH BESAR,67.4,Organik,Rumah Tangga
2024-01-21,KEMAYORAN,28.7,Organik,Rumah Tangga
2024-01-21,MATRAMAN,39.0,Organik,Rumah Tangga
2024-01-21,PULOGADUNG,49.9,Organik,Rumah Tangga
2024-01-21,JATINEGARA,48.7,Organik,Rumah Tangga
2024-01-21,CAKUNG,37.2,Organik,Rumah Tangga
2024-01-21,CIRACAS,45.5,Organik,Rumah Tangga
2024-01-21,CIPAYUNG,56.1,Organik,Rumah Tangga
2024-01-21,MAKASAR,68.0,Organik,Rumah Tangga
2024-01-21,KRAMAT JATI,55.9,Organik,Rumah Tangga
2024-01-21,PASAR REBO,34.5,Organik,Rumah Tangga
2024-01-21,DUREN SAWIT,31.6,Organik,Rumah Tangga
2024-01-21,TEBET,45.6,Organik,Rumah Tangga
2024-01-21,SETIABUDI,45.8,Organik,Rumah Tangga
2024-01-21,MAMPANG PRAPATAN,45.8,Organik,Rumah Tangga
2024-01-21,PANCORAN,38.9,Organik,Rumah Tangga
2024-01-21,KEBAYORAN BARU,59.1,Organik,Rumah Tangga
2024-01-21,KEBAYORAN LAMA,58.6,Organik,Rumah Tangga
2024-01-21,CILANDAK,47.7,Organik,Rumah Tangga
2024-01-21,PESANGGRAHAN,58.4,Organik,Rumah Tangga
2024-01-21,PASAR MINGGU,30.9,Organik,Rumah Tangga
2024-01-21,KEBON JERUK,50.6,Organik,Rumah Tangga
2024-01-21,KEMBANGAN,46.1,Organik,Rumah Tangga
2024-01-21,PALMERAH,37.8,Organik,Rumah Tangga
2024-01-21,GROGOL PETAMBURAN,52.6,Organik,Rumah Tangga
2024-01-21,TAMBORA,57.9,Organik,Rumah Tangga
2024-01-21,TAMAN SARI,39.4,Organik,Rumah Tangga
2024-01-21,CENGKARENG,51.3,Organik,Rumah Tangga
2024-01-21,KALI DERES,65.9,Organik,Rumah Tangga
2024-01-21,PENJARINGAN,37.6,Organik,Rumah Tangga
2024-01-21,PADEMANGAN,52.0,Organik,Rumah Tangga
2024-01-21,TANJUNG PRIOK,62.4,Organik,Rumah Tangga
2024-01-21,KOJA,54.7,Organik,Rumah Tangga
2024-01-21,KELAPA GADING,23.1,Organik,Rumah Tangga
2024-01-21,CILINCING,27.4,Organik,Rumah Tangga
2024-01-22,KEPULAUAN SERIBU UTARA,26.0,Organik,Rumah Tangga
2024-01-22,KEPULAUAN SERIBU SELATAN,23.8,Organik,Rumah Tangga
2024-01-22,GAMBIR,44.0,Organik,Rumah Tangga
2024-01-22,TANAH ABANG,46.9,Organik,Rumah Tangga
2024-01-22,MENTENG,24.9,Organik,Rumah Tangga
2024-01-22,CEMPAKA PUTIH,48.5,Organik,Rumah Tangga
2024-01-22,JOHAR BARU,28.9,Organik,Rumah Tangga
2024-01-22,SAWAH BESAR,35.3,Organik,Rumah Tangga
2024-01-22,KEMAYORAN,32.1,Organik,Rumah Tangga
2024-01-22,MATRAMAN,57.4,Organik,Rumah Tangga
2024-01-22,PULOGADUNG,53.0,Organik,Rumah Tangga
2024-01-22,JATINEGARA,27.9,Organik,Rumah Tangga
2024-01-22,CAKUNG,66.1,Organik,Rumah Tangga
2024-01-22,CIRACAS,30.8,Organik,Rumah Tangga
2024-01-22,CIPAYUNG,47.3,Organik,Rumah Tangga
2024-01-22,MAKASAR,69.2,Organik,Rumah Tangga
2024-01-22,KRAMAT JATI,47.0,Organik,Rumah Tangga
2024-01-22,PASAR REBO,69.1,Organik,Rumah Tangga
2024-01-22,DUREN SAWIT,23.4,Organik,Rumah Tangga
2024-01-22,TEBET,31.4,Organik,Rumah Tangga
2024-01-22,SETIABUDI,41.8,Organik,Rumah Tangga
2024-01-22,MAMPANG PRAPATAN,27.8,Organik,Rumah Tangga
2024-01-22,PANCORAN,53.3,Organik,Rumah Tangga
2024-01-22,KEBAYORAN BARU,41.5,Organik,Rumah Tangga
2024-01-22,KEBAYORAN LAMA,35.4,Organik,Rumah Tangga
2024-01-22,CILANDAK,33.4,Organik,Rumah Tangga
2024-01-22,PESANGGRAHAN,40.7,Organik,Rumah Tangga
2024-01-22,PASAR MINGGU,43.9,Organik,Rumah Tangga
2024-01-22,KEBON JERUK,50.8,Organik,Rumah Tangga
2024-01-22,KEMBANGAN,37.8,Organik,Rumah Tangga
2024-01-22,PALMERAH,47.5,Organik,Rumah Tangga
2024-01-22,GROGOL PETAMBURAN,66.7,Organik,Rumah Tangga
2024-01-22,TAMBORA,59.1,Organik,Rumah Tangga
2024-01-22,TAMAN SARI,46.6,Organik,Rumah Tangga
2024-01-22,CENGKARENG,38.1,Organik,Rumah Tangga
2024-01-22,KALI DERES,39.9,Organik,Rumah Tangga
2024-01-22,PENJARINGAN,70.0,Organik,Rumah Tangga
2024-01-22,PADEMANGAN,49.6,Organik,Rumah Tangga
2024-01-22,TANJUNG PRIOK,60.7,Organik,Rumah Tangga
2024-01-22,KOJA,58.8,Organik,Rumah Tangga
2024-01-22,KELAPA GADING,64.2,Organik,Rumah Tangga
2024-01-22,CILINCING,61.0,Organik,Rumah Tangga
2024-01-23,KEPULAUAN SERIBU UTARA,25.9,Organik,Rumah Tangga
2024-01-23,KEPULAUAN SERIBU SELATAN,64.2,Organik,Rumah Tangga
2024-01-23,GAMBIR,31.0,Organik,Rumah Tangga
2024-01-23,TANAH ABANG,40.2,Organik,Rumah Tangga
2024-01-23,MENTENG,30.3,Organik,Rumah Tangga
2024-01-23,CEMPAKA PUTIH,58.6,Organik,Rumah Tangga
2024-01-23,JOHAR BARU,31.0,Organik,Rumah Tangga
2024-01-23,SAWAH BESAR,63.4,Organik,Rumah Tangga
2024-01-23,KEMAYORAN,55.1,Organik,Rumah Tangga
2024-01-23,MATRAMAN,58.0,Organik,Rumah Tangga
2024-01-23,PULOGADUNG,42.5,Organik,Rumah Tangga
2024-01-23,JATINEGARA,21.1,Organik,Rumah Tangga
2024-01-23,CAKUNG,59.5,Organik,Rumah Tangga
2024-01-23,CIRACAS,20.6,Organik,Rumah Tangga
2024-01-23,CIPAYUNG,61.0,Organik,Rumah Tangga
2024-01-23,MAKASAR,37.9,Organik,Rumah Tangga
2024-01-23,KRAMAT JATI,58.0,Organik,Rumah Tangga
2024-01-23,PASAR REBO,46.7,Organik,Rumah Tangga
2024-01-23,DUREN SAWIT,53.5,Organik,Rumah Tangga
2024-01-23,TEBET,54.3,Organik,Rumah Tangga
2024-01-23,SETIABUDI,52.6,Organik,Rumah Tangga
2024-01-23,MAMPANG PRAPATAN,55.7,Organik,Rumah Tangga
2024-01-23,PANCORAN,51.4,Organik,Rumah Tangga
2024-01-23,KEBAYORAN BARU,56.1,Organik,Rumah Tangga
2024-01-23,KEBAYORAN LAMA,60.9,Organik,Rumah Tangga
2024-01-23,CILANDAK,26.2,Organik,Rumah Tangga
2024-01-23,PESANGGRAHAN,34.9,Organik,Rumah Tangga
2024-01-23,PASAR MINGGU,69.6,Organik,Rumah Tangga
2024-01-23,KEBON JERUK,69.9,Organik,Rumah Tangga
2024-01-23,KEMBANGAN,59.1,Organik,Rumah Tangga
2024-01-23,PALMERAH,62.4,Organik,Rumah Tangga
2024-01-23,GROGOL PETAMBURAN,27.9,Organik,Rumah Tangga
2024-01-23,TAMBORA,57.0,Organik,Rumah Tangga
2024-01-23,TAMAN SARI,61.2,Organik,Rumah Tangga
2024-01-23,CENGKARENG,31.9,Organik,Rumah Tangga
2024-01-23,KALI DERES,55.3,Organik,Rumah Tangga
2024-01-23,PENJARINGAN,57.6,Organik,Rumah Tangga
2024-01-23,PADEMANGAN,33.1,Organik,Rumah Tangga
2024-01-23,TANJUNG PRIOK,25.4,Organik,Rumah Tangga
2024-01-23,KOJA,28.1,Organik,Rumah Tangga
2024-01-23,KELAPA GADING,24.2,Organik,Rumah Tangga
2024-01-23,CILINCING,64.3,Organik,Rumah Tangga
2024-01-24,KEPULAUAN SERIBU UTARA,41.9,Organik,Rumah Tangga
2024-01-24,KEPULAUAN SERIBU SELATAN,68.5,Organik,Rumah Tangga
2024-01-24,GAMBIR,31.5,Organik,Rumah Tangga
2024-01-24,TANAH ABANG,48.6,Organik,Rumah Tangga
2024-01-24,MENTENG,28.4,Organik,Rumah Tangga
2024-01-24,CEMPAKA PUTIH,39.5,Organik,Rumah Tangga
2024-01-24,JOHAR BARU,31.3,Organik,Rumah Tangga
2024-01-24,SAWAH BESAR,58.4,Organik,Rumah Tangga
2024-01-24,KEMAYORAN,39.7,Organik,Rumah Tangga
2024-01-24,MATRAMAN,53.0,Organik,Rumah Tangga
2024-01-24,PULOGADUNG,25.4,Organik,Rumah Tangga
2024-01-24,JATINEGARA,62.9,Organik,Rumah Tangga
2024-01-24,CAKUNG,42.0,Organik,Rumah Tangga
2024-01-24,CIRACAS,34.1,Organik,Rumah Tangga
2024-01-24,CIPAYUNG,58.5,Organik,Rumah Tangga
2024-01-24,MAKASAR,32.9,Organik,Rumah Tangga
2024-01-24,KRAMAT JATI,22.8,Organik,Rumah Tangga
2024-01-24,PASAR REBO,29.4,Organik,Rumah Tangga
2024-01-24,DUREN SAWIT,56.2,Organik,Rumah Tangga
2024-01-24,TEBET,54.8,Organik,Rumah Tangga
2024-01-24,SETIABUDI,40.6,Organik,Rumah Tangga
2024-01-24,MAMPANG PRAPATAN,47.3,Organik,Rumah Tangga
2024-01-24,PANCORAN,61.5,Organik,Rumah Tangga
2024-01-24,KEBAYORAN BARU,25.9,Organik,Rumah Tangga
2024-01-24,KEBAYORAN LAMA,39.3,Organik,Rumah Tangga
2024-01-24,CILANDAK,58.8,Organik,Rumah Tangga
2024-01-24,PESANGGRAHAN,22.8,Organik,Rumah Tangga
2024-01-24,PASAR MINGGU,64.8,Organik,Rumah Tangga
2024-01-24,KEBON JERUK,50.7,Organik,Rumah Tangga
2024-01-24,KEMBANGAN,37.9,Organik,Rumah Tangga
2024-01-24,PALMERAH,66.5,Organik,Rumah Tangga
2024-01-24,GROGOL PETAMBURAN,61.5,Organik,Rumah Tangga
2024-01-24,TAMBORA,44.8,Organik,Rumah Tangga
2024-01-24,TAMAN SARI,25.7,Organik,Rumah Tangga
2024-01-24,CENGKARENG,42.0,Organik,Rumah Tangga
2024-01-24,KALI DERES,48.1,Organik,Rumah Tangga
2024-01-24,PENJARINGAN,43.8,Organik,Rumah Tangga
2024-01-24,PADEMANGAN,24.4,Organik,Rumah Tangga
2024-01-24,TANJUNG PRIOK,38.1,Organik,Rumah Tangga
2024-01-24,KOJA,40.4,Organik,Rumah Tangga
2024-01-24,KELAPA GADING,30.8,Organik,Rumah Tangga
2024-01-24,CILINCING,26.1,Organik,Rumah Tangga
2024-01-25,KEPULAUAN SERIBU UTARA,53.5,Organik,Rumah Tangga
2024-01-25,KEPULAUAN SERIBU SELATAN,41.4,Organik,Rumah Tangga
2024-01-25,GAMBIR,58.6,Organik,Rumah Tangga
2024-01-25,TANAH ABANG,59.9,Organik,Rumah Tangga
2024-01-25,MENTENG,28.8,Organik,Rumah Tangga
2024-01-25,CEMPAKA PUTIH,62.1,Organik,Rumah Tangga
2024-01-25,JOHAR BARU,44.4,Organik,Rumah Tangga
2024-01-25,SAWAH BESAR,29.8,Organik,Rumah Tangga
2024-01-25,KEMAYORAN,45.0,Organik,Rumah Tangga
2024-01-25,MATRAMAN,46.0,Organik,Rumah Tangga
2024-01-25,PULOGADUNG,61.3,Organik,Rumah Tangga
2024-01-25,JATINEGARA,53.3,Organik,Rumah Tangga
2024-01-25,CAKUNG,49.5,Organik,Rumah Tangga
2024-01-25,CIRACAS,33.4,Organik,Rumah Tangga
2024-01-25,CIPAYUNG,63.4,Organik,Rumah Tangga
2024-01-25,MAKASAR,66.9,Organik,Rumah Tangga
2024-01-25,KRAMAT JATI,47.3,Organik,Rumah Tangga
2024-01-25,PASAR REBO,38.0,Organik,Rumah Tangga
2024-01-25,DUREN SAWIT,22.0,Organik,Rumah Tangga
2024-01-25,TEBET,60.2,Organik,Rumah Tangga
2024-01-25,SETIABUDI,27.3,Organik,Rumah Tangga
2024-01-25,MAMPANG PRAPATAN,20.0,Organik,Rumah Tangga
2024-01-25,PANCORAN,65.6,Organik,Rumah Tangga
2024-01-25,KEBAYORAN BARU,61.4,Organik,Rumah Tangga
2024-01-25,KEBAYORAN LAMA,38.1,Organik,Rumah Tangga
2024-01-25,CILANDAK,65.1,Organik,Rumah Tangga
2024-01-25,PESANGGRAHAN,47.1,Organik,Rumah Tangga
2024-01-25,PASAR MINGGU,39.0,Organik,Rumah Tangga
2024-01-25,KEBON JERUK,60.7,Organik,Rumah Tangga
2024-01-25,KEMBANGAN,67.2,Organik,Rumah Tangga
2024-01-25,PALMERAH,64.2,Organik,Rumah Tangga
2024-01-25,GROGOL PETAMBURAN,52.8,Organik,Rumah Tangga
2024-01-25,TAMBORA,41.6,Organik,Rumah Tangga
2024-01-25,TAMAN SARI,51.8,Organik,Rumah Tangga
2024-01-25,CENGKARENG,68.6,Organik,Rumah Tangga
2024-01-25,KALI DERES,47.6,Organik,Rumah Tangga
2024-01-25,PENJARINGAN,57.4,Organik,Rumah Tangga
2024-01-25,PADEMANGAN,38.9,Organik,Rumah Tangga
2024-01-25,TANJUNG PRIOK,44.3,Organik,Rumah Tangga
2024-01-25,KOJA,36.0,Organik,Rumah Tangga
2024-01-25,KELAPA GADING,45.3,Organik,Rumah Tangga
2024-01-25,CILINCING,35.1,Organik,Rumah Tangga
2024-01-26,KEPULAUAN SERIBU UTARA,59.8,Organik,Rumah Tangga
2024-01-26,KEPULAUAN SERIBU SELATAN,62.4,Organik,Rumah Tangga
2024-01-26,GAMBIR,32.9,Organik,Rumah Tangga
2024-01-26,TANAH ABANG,21.9,Organik,Rumah Tangga
2024-01-26,MENTENG,63.4,Organik,Rumah Tangga
2024-01-26,CEMPAKA PUTIH,41.7,Organik,Rumah Tangga
2024-01-26,JOHAR BARU,62.7,Organik,Rumah Tangga
2024-01-26,SAWAH BESAR,41.6,Organik,Rumah Tangga
2024-01-26,KEMAYORAN,64.7,Organik,Rumah Tangga
2024-01-26,MATRAMAN,25.3,Organik,Rumah Tangga
2024-01-26,PULOGADUNG,43.9,Organik,Rumah Tangga
2024-01-26,JATINEGARA,40.7,Organik,Rumah Tangga
2024-01-26,CAKUNG,33.2,Organik,Rumah Tangga
2024-01-26,CIRACAS,46.3,Organik,Rumah Tangga
2024-01-26,CIPAYUNG,40.5,Organik,Rumah Tangga
2024-01-26,MAKASAR,58.3,Organik,Rumah Tangga
2024-01-26,KRAMAT JATI,27.2,Organik,Rumah Tangga
2024-01-26,PASAR REBO,47.8,Organik,Rumah Tangga
2024-01-26,DUREN SAWIT,65.0,Organik,Rumah Tangga
2024-01-26,TEBET,36.4,Organik,Rumah Tangga
2024-01-26,SETIABUDI,45.8,Organik,Rumah Tangga
2024-01-26,MAMPANG PRAPATAN,61.6,Organik,Rumah Tangga
2024-01-26,PANCORAN,20.6,Organik,Rumah Tangga
2024-01-26,KEBAYORAN BARU,57.1,Organik,Rumah Tangga
2024-01-26,KEBAYORAN LAMA,63.8,Organik,Rumah Tangga
2024-01-26,CILANDAK,56.5,Organik,Rumah Tangga
2024-01-26,PESANGGRAHAN,33.1,Organik,Rumah Tangga
2024-01-26,PASAR MINGGU,67.9,Organik,Rumah Tangga
2024-01-26,KEBON JERUK,40.1,Organik,Rumah Tangga
2024-01-26,KEMBANGAN,31.9,Organik,Rumah Tangga
2024-01-26,PALMERAH,44.9,Organik,Rumah Tangga
2024-01-26,GROGOL PETAMBURAN,56.7,Organik,Rumah Tangga
2024-01-26,TAMBORA,63.7,Organik,Rumah Tangga
2024-01-26,TAMAN SARI,66.5,Organik,Rumah Tangga
2024-01-26,CENGKARENG,21.1,Organik,Rumah Tangga
2024-01-26,KALI DERES,59.2,Organik,Rumah Tangga
2024-01-26,PENJARINGAN,39.8,Organik,Rumah Tangga
2024-01-26,PADEMANGAN,52.1,Organik,Rumah Tangga
2024-01-26,TANJUNG PRIOK,69.1,Organik,Rumah Tangga
2024-01-26,KOJA,49.3,Organik,Rumah Tangga
2024-01-26,KELAPA GADING,39.8,Organik,Rumah Tangga
2024-01-26,CILINCING,55.0,Organik,Rumah Tangga
2024-01-27,KEPULAUAN SERIBU UTARA,21.9,Organik,Rumah Tangga
2024-01-27,KEPULAUAN SERIBU SELATAN,69.7,Organik,Rumah Tangga
2024-01-27,GAMBIR,59.4,Organik,Rumah Tangga
2024-01-27,TANAH ABANG,55.6,Organik,Rumah Tangga
2024-01-27,MENTENG,32.9,Organik,Rumah Tangga
2024-01-27,CEMPAKA PUTIH,68.4,Organik,Rumah Tangga
2024-01-27,JOHAR BARU,31.1,Organik,Rumah Tangga
2024-01-27,SAWAH BESAR,59.3,Organik,Rumah Tangga
2024-01-27,KEMAYORAN,53.3,Organik,Rumah Tangga
2024-01-27,MATRAMAN,51.5,Organik,Rumah Tangga
2024-01-27,PULOGADUNG,20.2,Organik,Rumah Tangga
2024-01-27,JATINEGARA,34.7,Organik,Rumah Tangga
2024-01-27,CAKUNG,29.3,Organik,Rumah Tangga
2024-01-27,CIRACAS,34.7,Organik,Rumah Tangga
2024-01-27,CIPAYUNG,62.4,Organik,Rumah Tangga
2024-01-27,MAKASAR,63.1,Organik,Rumah Tangga
2024-01-27,KRAMAT JATI,43.0,Organik,Rumah Tangga
2024-01-27,PASAR REBO,31.7,Organik,Rumah Tangga
2024-01-27,DUREN SAWIT,33.4,Organik,Rumah Tangga
2024-01-27,TEBET,25.5,Organik,Rumah Tangga
2024-01-27,SETIABUDI,59.0,Organik,Rumah Tangga
2024-01-27,MAMPANG PRAPATAN,62.5,Organik,Rumah Tangga
2024-01-27,PANCORAN,53.6,Organik,Rumah Tangga
2024-01-27,KEBAYORAN BARU,63.7,Organik,Rumah Tangga
2024-01-27,KEBAYORAN LAMA,55.3,Organik,Rumah Tangga
2024-01-27,CILANDAK,50.8,Organik,Rumah Tangga
2024-01-27,PESANGGRAHAN,59.0,Organik,Rumah Tangga
2024-01-27,PASAR MINGGU,32.4,Organik,Rumah Tangga
2024-01-27,KEBON JERUK,24.0,Organik,Rumah Tangga
2024-01-27,KEMBANGAN,64.5,Organik,Rumah Tangga
2024-01-27,PALMERAH,49.1,Organik,Rumah Tangga
2024-01-27,GROGOL PETAMBURAN,39.9,Organik,Rumah Tangga
2024-01-27,TAMBORA,69.0,Organik,Rumah Tangga
2024-01-27,TAMAN SARI,22.0,Organik,Rumah Tangga
2024-01-27,CENGKARENG,32.2,Organik,Rumah Tangga
2024-01-27,KALI DERES,23.3,Organik,Rumah Tangga
2024-01-27,PENJARINGAN,23.8,Organik,Rumah Tangga
2024-01-27,PADEMANGAN,24.4,Organik,Rumah Tangga
2024-01-27,TANJUNG PRIOK,68.6,Organik,Rumah Tangga
2024-01-27,KOJA,61.6,Organik,Rumah Tangga
2024-01-27,KELAPA GADING,66.6,Organik,Rumah Tangga
2024-01-27,CILINCING,51.5,Organik,Rumah Tangga
2024-01-28,KEPULAUAN SERIBU UTARA,24.0,Organik,Rumah Tangga
2024-01-28,KEPULAUAN SERIBU SELATAN,45.9,Organik,Rumah Tangga
2024-01-28,GAMBIR,63.9,Organik,Rumah Tangga
2024-01-28,TANAH ABANG,46.8,Organik,Rumah Tangga
2024-01-28,MENTENG,51.4,Organik,Rumah Tangga
2024-01-28,CEMPAKA PUTIH,46.3,Organik,Rumah Tangga
2024-01-28,JOHAR BARU,55.9,Organik,Rumah Tangga
2024-01-28,SAWAH BESAR,41.0,Organik,Rumah Tangga
2024-01-28,KEMAYORAN,27.7,Organik,Rumah Tangga
2024-01-28,MATRAMAN,23.7,Organik,Rumah Tangga
2024-01-28,PULOGADUNG,39.5,Organik,Rumah Tangga
2024-01-28,JATINEGARA,30.3,Organik,Rumah Tangga
2024-01-28,CAKUNG,60.7,Organik,Rumah Tangga
2024-01-28,CIRACAS,54.6,Organik,Rumah Tangga
2024-01-28,CIPAYUNG,22.0,Organik,Rumah Tangga
2024-01-28,MAKASAR,32.0,Organik,Rumah Tangga
2024-01-28,KRAMAT JATI,45.4,Organik,Rumah Tangga
2024-01-28,PASAR REBO,29.6,Organik,Rumah Tangga
2024-01-28,DUREN SAWIT,24.0,Organik,Rumah Tangga
2024-01-28,TEBET,21.7,Organik,Rumah Tangga
2024-01-28,SETIABUDI,22.3,Organik,Rumah Tangga
2024-01-28,MAMPANG PRAPATAN,63.7,Organik,Rumah Tangga
2024-01-28,PANCORAN,33.2,Organik,Rumah Tangga
2024-01-28,KEBAYORAN BARU,30.7,Organik,Rumah Tangga
2024-01-28,KEBAYORAN LAMA,64.0,Organik,Rumah Tangga
2024-01-28,CILANDAK,22.1,Organik,Rumah Tangga
2024-01-28,PESANGGRAHAN,35.5,Organik,Rumah Tangga
2024-01-28,PASAR MINGGU,62.2,Organik,Rumah Tangga
2024-01-28,KEBON JERUK,55.3,Organik,Rumah Tangga
2024-01-28,KEMBANGAN,56.6,Organik,Rumah Tangga
2024-01-28,PALMERAH,30.1,Organik,Rumah Tangga
2024-01-28,GROGOL PETAMBURAN,61.6,Organik,Rumah Tangga
2024-01-28,TAMBORA,32.3,Organik,Rumah Tangga
2024-01-28,TAMAN SARI,67.6,Organik,Rumah Tangga
2024-01-28,CENGKARENG,37.6,Organik,Rumah Tangga
2024-01-28,KALI DERES,39.6,Organik,Rumah Tangga
2024-01-28,PENJARINGAN,35.1,Organik,Rumah Tangga
2024-01-28,PADEMANGAN,30.1,Organik,Rumah Tangga
2024-01-28,TANJUNG PRIOK,49.8,Organik,Rumah Tangga
2024-01-28,KOJA,33.8,Organik,Rumah Tangga
2024-01-28,KELAPA GADING,33.1,Organik,Rumah Tangga
2024-01-28,CILINCING,28.7,Organik,Rumah Tangga
2024-01-29,KEPULAUAN SERIBU UTARA,63.7,Organik,Rumah Tangga
2024-01-29,KEPULAUAN SERIBU SELATAN,28.2,Organik,Rumah Tangga
2024-01-29,GAMBIR,43.0,Organik,Rumah Tangga
2024-01-29,TANAH ABANG,52.2,Organik,Rumah Tangga
2024-01-29,MENTENG,43.5,Organik,Rumah Tangga
2024-01-29,CEMPAKA PUTIH,51.2,Organik,Rumah Tangga
2024-01-29,JOHAR BARU,60.5,Organik,Rumah Tangga
2024-01-29,SAWAH BESAR,61.5,Organik,Rumah Tangga
2024-01-29,KEMAYORAN,41.7,Organik,Rumah Tangga
2024-01-29,MATRAMAN,43.0,Organik,Rumah Tangga
2024-01-29,PULOGADUNG,31.4,Organik,Rumah Tangga
2024-01-29,JATINEGARA,46.5,Organik,Rumah Tangga
2024-01-29,CAKUNG,51.4,Organik,Rumah Tangga
2024-01-29,CIRACAS,29.7,Organik,Rumah Tangga
2024-01-29,CIPAYUNG,62.5,Organik,Rumah Tangga
2024-01-29,MAKASAR,38.1,Organik,Rumah Tangga
2024-01-29,KRAMAT JATI,24.6,Organik,Rumah Tangga
2024-01-29,PASAR REBO,47.7,Organik,Rumah Tangga
2024-01-29,DUREN SAWIT,39.4,Organik,Rumah Tangga
2024-01-29,TEBET,45.8,Organik,Rumah Tangga
2024-01-29,SETIABUDI,54.7,Organik,Rumah Tangga
2024-01-29,MAMPANG PRAPATAN,25.8,Organik,Rumah Tangga
2024-01-29,PANCORAN,55.6,Organik,Rumah Tangga
2024-01-29,KEBAYORAN BARU,35.2,Organik,Rumah Tangga
2024-01-29,KEBAYORAN LAMA,45.5,Organik,Rumah Tangga
2024-01-29,CILANDAK,39.9,Organik,Rumah Tangga
2024-01-29,PESANGGRAHAN,30.9,Organik,Rumah Tangga
2024-01-29,PASAR MINGGU,22.4,Organik,Rumah Tangga
2024-01-29,KEBON JERUK,51.7,Organik,Rumah Tangga
2024-01-29,KEMBANGAN,42.0,Organik,Rumah Tangga
2024-01-29,PALMERAH,20.4,Organik,Rumah Tangga
2024-01-29,GROGOL PETAMBURAN,41.4,Organik,Rumah Tangga
2024-01-29,TAMBORA,55.9,Organik,Rumah Tangga
2024-01-29,TAMAN SARI,36.1,Organik,Rumah Tangga
2024-01-29,CENGKARENG,61.5,Organik,Rumah Tangga
2024-01-29,KALI DERES,32.0,Organik,Rumah Tangga
2024-01-29,PENJARINGAN,40.7,Organik,Rumah Tangga
2024-01-29,PADEMANGAN,34.8,Organik,Rumah Tangga
2024-01-29,TANJUNG PRIOK,29.5,Organik,Rumah Tangga
2024-01-29,KOJA,49.3,Organik,Rumah Tangga
2024-01-29,KELAPA GADING,20.6,Organik,Rumah Tangga
2024-01-29,CILINCING,22.7,Organik,Rumah Tangga
2024-01-30,KEPULAUAN SERIBU UTARA,60.2,Organik,Rumah Tangga
2024-01-30,KEPULAUAN SERIBU SELATAN,37.7,Organik,Rumah Tangga
2024-01-30,GAMBIR,42.7,Organik,Rumah Tangga
2024-01-30,TANAH ABANG,65.3,Organik,Rumah Tangga
2024-01-30,MENTENG,63.1,Organik,Rumah Tangga
2024-01-30,CEMPAKA PUTIH,67.2,Organik,Rumah Tangga
2024-01-30,JOHAR BARU,34.0,Organik,Rumah Tangga
2024-01-30,SAWAH BESAR,65.0,Organik,Rumah Tangga
2024-01-30,KEMAYORAN,37.9,Organik,Rumah Tangga
2024-01-30,MATRAMAN,67.7,Organik,Rumah Tangga
2024-01-30,PULOGADUNG,63.5,Organik,Rumah Tangga
2024-01-30,JATINEGARA,29.5,Organik,Rumah Tangga
2024-01-30,CAKUNG,65.4,Organik,Rumah Tangga
2024-01-30,CIRACAS,63.3,Organik,Rumah Tangga
2024-01-30,CIPAYUNG,62.4,Organik,Rumah Tangga
2024-01-30,MAKASAR,54.1,Organik,Rumah Tangga
2024-01-30,KRAMAT JATI,22.5,Organik,Rumah Tangga
2024-01-30,PASAR REBO,26.8,Organik,Rumah Tangga
2024-01-30,DUREN SAWIT,26.2,Organik,Rumah Tangga
2024-01-30,TEBET,66.8,Organik,Rumah Tangga
2024-01-30,SETIABUDI,61.6,Organik,Rumah Tangga
2024-01-30,MAMPANG PRAPATAN,34.9,Organik,Rumah Tangga
2024-01-30,PANCORAN,30.3,Organik,Rumah Tangga
2024-01-30,KEBAYORAN BARU,32.2,Organik,Rumah Tangga
2024-01-30,KEBAYORAN LAMA,23.6,Organik,Rumah Tangga
2024-01-30,CILANDAK,51.2,Organik,Rumah Tangga
2024-01-30,PESANGGRAHAN,21.6,Organik,Rumah Tangga
2024-01-30,PASAR MINGGU,26.9,Organik,Rumah Tangga
2024-01-30,KEBON JERUK,26.4,Organik,Rumah Tangga
2024-01-30,KEMBANGAN,66.1,Organik,Rumah Tangga
2024-01-30,PALMERAH,66.0,Organik,Rumah Tangga
2024-01-30,GROGOL PETAMBURAN,53.7,Organik,Rumah Tangga
2024-01-30,TAMBORA,29.4,Organik,Rumah Tangga
2024-01-30,TAMAN SARI,34.4,Organik,Rumah Tangga
2024-01-30,CENGKARENG,69.6,Organik,Rumah Tangga
2024-01-30,KALI DERES,46.8,Organik,Rumah Tangga
2024-01-30,PENJARINGAN,31.6,Organik,Rumah Tangga
2024-01-30,PADEMANGAN,47.8,Organik,Rumah Tangga
2024-01-30,TANJUNG PRIOK,30.9,Organik,Rumah Tangga
2024-01-30,KOJA,41.2,Organik,Rumah Tangga
2024-01-30,KELAPA GADING,45.5,Organik,Rumah Tangga
2024-01-30,CILINCING,68.1,Organik,Rumah Tangga
